cust id,TransactionID
C001,1001
C002,1002
C003,1003
C004,1004
C005,1005
C006,1006
C007,1007
C008,1008
C009,1009
C010,1010
C011,1011
C012,1012
C013,1013
C014,1014
C015,1015
C016,1016
C017,1017
C018,1018
C019,1019
C020,1020
C021,1021
C022,1022
C023,1023
C024,1024
C025,1025
C026,1026
C027,1027
C028,1028
C029,1029
C030,1030
C031,1031
C032,1032
C033,1033
C034,1034
C035,1035
C036,1036
C037,1037
C038,1038
C039,1039
C040,1040
C041,1041
C042,1042
C043,1043
C044,1044
C045,1045
C046,1046
C047,1047
C048,1048
C049,1049
C050,1050
C051,1051
C052,1052
C053,1053
C054,1054
C055,1055
C056,1056
C057,1057
C058,1058
C059,1059
C060,1060
C061,1061
C062,1062
C063,1063
C064,1064
C065,1065
C066,1066
C067,1067
C068,1068
C069,1069
C070,1070
C071,1071
C072,1072
C073,1073
C074,1074
C075,1075
C076,1076
C077,1077
C078,1078
C079,1079
C080,1080
C081,1081
C082,1082
C083,1083
C084,1084
C085,1085
C086,1086
C087,1087
C088,1088
C089,1089
C090,1090
C091,1091
C092,1092
C093,1093
C094,1094
C095,1095
C096,1096
C097,1097
C098,1098
C099,1099
C100,1100
C101,1101
C102,1102
C103,1103
C104,1104
C105,1105
C106,1106
C107,1107
C108,1108
C109,1109
C110,1110
C111,1111
C112,1112
C113,1113
C114,1114
C115,1115
C116,1116
C117,1117
C118,1118
C119,1119
C120,1120
C121,1121
C122,1122
C123,1123
C124,1124
C125,1125
C126,1126
C127,1127
C128,1128
C129,1129
C130,1130
C131,1131
C132,1132
C133,1133
C134,1134
C135,1135
C136,1136
C137,1137
C138,1138
C139,1139
C140,1140
C141,1141
C142,1142
C143,1143
C144,1144
C145,1145
C146,1146
C147,1147
C148,1148
C149,1149
C150,1150
C151,1151
C152,1152
C153,1153
C154,1154
C155,1155
C156,1156
C157,1157
C158,1158
C159,1159
C160,1160
C161,1161
C162,1162
C163,1163
C164,1164
C165,1165
C166,1166
C167,1167
C168,1168
C169,1169
C170,1170
C171,1171
C172,1172
C173,1173
C174,1174
C175,1175
C176,1176
C177,1177
C178,1178
C179,1179
C180,1180
C181,1181
C182,1182
C183,1183
C184,1184
C185,1185
C186,1186
C187,1187
C188,1188
C189,1189
C190,1190
C191,1191
C192,1192
C193,1193
C194,1194
C195,1195
C196,1196
C197,1197
C198,1198
C199,1199
C200,1200